﻿<?xml version="1.0" encoding="UTF-8"?><feed><title>Universal Vehicle and Equipment Inventory Feed</title><link>https://www.lakesidemarinallc.com/unitinventory_univ.xml</link><description>Universal vehicle and equipment inventory feed powered by LeadVenture</description><modified>2022-06-08T05:01:42.707</modified><customerId>5902B8CA-BEEF-476F-B512-29CDF08B9E76</customerId><customer>1028720</customer><address1>7361 Hwy 49 South</address1><address2></address2><address3></address3><country>US</country><state>AL</state><city>Dadeville</city><zip>36853</zip><phone>2568259286</phone><email>matt@lakesidemarinallc.com</email><companyurl>https://www.lakesidemarinallc.com</companyurl><companylogo></companylogo><item><id>01AD999B-80A1-40A0-88B3-4EEECB12F5B2</id><title>2022 Bennington LX24</title><link>https://www.lakesidemarinallc.com/inventory/unit-11416236i</link><description><![CDATA[BRAND NEW <b>Max HP:</b> 150-250 HP</br> <b>Overall Length:</b> 25 ft. 2 in.</br> <b>Deck Length:</b> 23 ft. 6 in.</br> <b>Deck Width:</b> 8 ft. 6 in.</br> <b>Weight:</b> 2436-3415 lb.</br> <b>Capacity:</b> 12 Persons</br> <b>Fuel Capacity:</b> 24.5 gal.</br>]]></description><price>0.0000</price><price_type>USD</price_type><stocknumber></stocknumber><vin>ETWL4744H122</vin><manufacturer>Bennington</manufacturer><year>2022</year><color>Midnight Black</color><model_type>Pontoons</model_type><model_typestyle>Pontoon Boats</model_typestyle><model_name>LX24</model_name><trim_name></trim_name><trim_color></trim_color><condition>Excellent</condition><usage>New</usage><location>Lakeside Marina &amp; Watercraft Rentals</location><updated>2022-05-11T14:16:09.817</updated><miles></miles><images><imageurl>https://cdnmedia.endeavorsuite.com/images/catalogs/21615/products/showdisplay/a20c4d5a-4699-42f0-b0e1-ed1a6c23a117.jpg</imageurl><imageurl>https://cdnmedia.endeavorsuite.com/images/catalogs/21615/products/showdisplay/f5d76a62-b3ae-4a98-9238-24c7119853a7.jpg</imageurl><imageurl>https://cdnmedia.endeavorsuite.com/images/catalogs/21615/products/showdisplay/ada6a3d4-442f-48ca-8f21-4144a1bfb719.jpg</imageurl><imageurl>https://cdnmedia.endeavorsuite.com/images/catalogs/21615/products/showdisplay/6f61d613-d319-4aff-b2a9-23f1eca3d8ad.jpg</imageurl><imageurl>https://cdnmedia.endeavorsuite.com/images/catalogs/21615/products/showdisplay/1811c780-1a3f-4bfc-adf1-1256998735f0.jpg</imageurl><imageurl>https://cdnmedia.endeavorsuite.com/images/catalogs/21615/products/showdisplay/3be28b1b-df96-4266-b9a4-9eb38ce271dd.jpg</imageurl><imageurl>https://cdnmedia.endeavorsuite.com/images/catalogs/21615/products/showdisplay/a43ab1ba-599f-4714-967d-3421ad3c9ec2.jpg</imageurl><imageurl>https://cdnmedia.endeavorsuite.com/images/catalogs/21615/products/showdisplay/ea941fe1-bef0-462f-ba4e-ab9f675bff62.jpg</imageurl><imageurl>https://cdnmedia.endeavorsuite.com/images/catalogs/21615/products/showdisplay/1e47cf5e-02ad-4835-a3cf-19e117509d1d.jpg</imageurl><imageurl>https://cdnmedia.endeavorsuite.com/images/catalogs/21615/products/showdisplay/b87e6a68-cd74-4b02-9604-ed7f4b8aa2b5.jpg</imageurl><imageurl>https://cdnmedia.endeavorsuite.com/images/catalogs/21615/products/showdisplay/18d0faf5-b1c5-49f0-a387-5fea6307c200.jpg</imageurl><imageurl>https://cdnmedia.endeavorsuite.com/images/catalogs/21615/products/showdisplay/fd658f41-e3c2-4f1c-b840-0819b1397bf4.jpg</imageurl><imageurl>https://cdnmedia.endeavorsuite.com/images/catalogs/21615/products/showdisplay/93d71fd5-5629-4671-a656-7187a6bdb513.jpg</imageurl><imageurl>https://cdnmedia.endeavorsuite.com/images/catalogs/21615/products/showdisplay/6b592e41-1d1b-4437-a128-0ef3b602cfc1.jpg</imageurl><imageurl>https://cdnmedia.endeavorsuite.com/images/catalogs/21615/products/showdisplay/4a017423-7794-4572-8083-3fbc01d6ec41.jpg</imageurl></images><attributes><attribute><name>Length Overall</name><value>24</value></attribute></attributes></item><item><id>17F7EC47-DCF5-44F5-8F8C-68DC9D423245</id><title>2022 Bennington 23RSB</title><link>https://www.lakesidemarinallc.com/inventory/unit-11067846i</link><description><![CDATA[2022 23RSB <br /> LAKESIDE MARINA LLC<br />7361 HWY 49 S DADEVILLE, AL 36853 <br />http://www.lakesidemarinallc.com/<br />256-825-9286<br />BOAT INFORMATION<br />INCLUDED OPTIONS<br />Item Description<br />23 R SWINGBACK<br />23RSBSD <br /><br />SPEC/CAPACITY<br />LOA: 25'3"<br />Pontoon Length: 23'4"<br />Deck Length: 25'1"<br />Beam: 8;6"<br />Pontoon Diameter: 25"<br />Engine Configuration: Single Outboard<br />FUEL CAPACITY: 35.2<br /><br />PANEL COLOR MIDNIGHT BLK SMTH<br />ACC PNL MET SILVER DBL SMOOTH<br />CANVAS BLACK<br />BASE VINYL SILVER SIMTEX<br />GRAPHICS DIMENSIONAL CHRME R/Q<br />BLACKOUT LUXE<br />TRIM ACCENT ZWOOD SLATE MATTE<br />WOVEN VINYL SILVER FULL<br />STEERING WHL CORV BLK L/LX/R<br />KCKR SUB/AMP ONLY UPG L/LX/R/Q<br />ELEVATED HELM CON/CHAISE R/Q<br />EXTERIOR SIDE LGHTS S/L/LX/R/Q<br />CUPHOLDERS LIGHTED R/Q<br />LIGHTED MESH LOGO SWING BACK<br />LIGHTED BIMINI TOP<br />INT ACCENT PERF MET CARBON<br />PILLOWTOP DIAMOND STITCHED R<br />RAIL KEEPER SWINGBACK R/Q PINK<br />EXTRA WIDE RECLINER R/Q<br />ELLIPTICAL SPORT PERF PKG 23FT<br />350 H P CAPACITY TAG<br />55/50 SD CTR FUEL W/ENVIRO FIL<br />POWER ASSIST STEERING<br />SWITCH BATTERY DUAL PORT<br />STORAGE CENTER TUBE ELLIPTICAL<br />DEL STRIKER 4 R/Q DISPLAY PRIG<br />STAINLESS RUB-RAIL R SERIES<br />POP UP CLEATS BOW<br />POP UP CLEATS AFT<br />FLAG AMERICAN ASSY<br />SKI PYLON 54 IN ALUM REMOVABLE<br />                                               <br />     <br />PERFORMANCE PACKAGE SPECS<br />       Person Capacity 12 People<br />2. With 25 Tubes (20" transom)"<br />Hull Weight Max HP 2,407 lbs 150 HP<br />Pontoon Gauge 0.08<br />                  <br />STANDARD FEATURES<br />Interior • 2 Portable Cupholders with Zebrawood Slate Trim and side mesh pocket • 2 Wide Berth Chaise Lounges with Fold-Down Armrest/Cupholder • Self-Draining Bench Seat Cooler • Restyled V2 Pure Comfort Reclining Captains Chair • Interior Light Dimmer (Console Lights Excluded) • Stainless Steel and Woodgrain Accents Throughout • 37 Gallon Fuel Tank, 35.2 Gallon Usable Capacity • Stereo Remote • Swingback Stern Lounger • (NEW) Two- Tone Vinyl Furniture • Mega Pan Fuel System • RGB Lighted Kicker Speakers • Simtex Vinyl Upholstery • Swingback Privacy • Woven Vinyl Flooring • 2 USB Charge Station with Volt Meter; 1 USB with Quick Charge 3.0 & 1 USB-C Port • Wireless Phone Charger in Starboard Bow Bench Chaise Arm • Duraframe Seat Bases • Fire Extinguisher • Powder Coated Seat Hinges • Power Distribution Panel with Battery Switch • Pure-Comfort Reclining Helm Chair with Integrated Headrest • Stainless Steel Cupholders • Stowable Sculpted Woodgrain Trapezoid Table • Waste Container •<br />Exterior • 25" Pontoons • Anodized Raised Rails • Custom Bennington Stainless Steel Cleats • Dimensional Chrome Logos & Badge • Enhanced LED Docking Lights with Stainless Steel Light Housings • Extended Aft Deck with Wide Tread Telescoping Ladder & Stainless Steel Boarding Handles • Full Length Extruded Anodized Skirting • Heavy Duty Rub Rail • Large Radius Bow Rails with 24" Gate • Quick Release 10' Bimini Top with Surlast Embroidered Boot, 1.25" Frame & Trailering Struts • Stainless Steel Cleats and Corner Castings • Stainless Steel Deck Bolts (Fanged Elevator Bolts secured with Stainless Steel Nylock Nut.) • Stainless Steel Stern Gate and Rails • Streamline Rail System • Surlast Mooring Cover • Underdeck Spray Deflectors • Flush Bow Deck • 18 IN Stern Deck • Mooring Cover Quick Clips • Full Height Panels • Extruded Splash Guards • Rounded Solid Keels • .250" Thick Bow & Stern Cross Channels •<br />Console Features • 1 Piece Fiberglass Body Integrated with Starboard Bow Chaise Lounge • Console Footrest • Custom Wheel with Zebrawood Slate Accents and Etched Center Cap • Fiberglass Door with easy open & close Stainless Steel Hinges & Latch • Tilt Steering • Seastar Sport Plus Tilt Steering • Striker 4 Fish Graph • Rockford Fostgate PMX - 2 All in One Stereo System •]]></description><price>0.0000</price><price_type>USD</price_type><stocknumber>ETWL1383F122</stocknumber><vin>ETWL1383F122</vin><manufacturer>Bennington</manufacturer><year>2022</year><color>Midnight Black / Metallic Silver</color><model_type>Pontoons</model_type><model_typestyle>Pontoon Boats</model_typestyle><model_name>23RSB</model_name><trim_name></trim_name><trim_color>Metallic Silver</trim_color><condition>Excellent</condition><usage>New</usage><location>Lakeside Marina &amp; Watercraft Rentals</location><updated>2022-05-11T12:36:51.833</updated><miles></miles><images><imageurl>https://cdnmedia.endeavorsuite.com/images/organizations/be356894-77c0-4402-aab6-fedce541df43/inventory/11067846/2110437_5.jpg</imageurl><imageurl>https://cdnmedia.endeavorsuite.com/images/organizations/be356894-77c0-4402-aab6-fedce541df43/inventory/11067846/2110437_7.jpg</imageurl><imageurl>https://cdnmedia.endeavorsuite.com/images/organizations/be356894-77c0-4402-aab6-fedce541df43/inventory/11067846/2110437_6.jpg</imageurl><imageurl>https://cdnmedia.endeavorsuite.com/images/organizations/be356894-77c0-4402-aab6-fedce541df43/inventory/11067846/2110437_4.jpg</imageurl><imageurl>https://cdnmedia.endeavorsuite.com/images/organizations/be356894-77c0-4402-aab6-fedce541df43/inventory/11067846/2110437_10.jpg</imageurl><imageurl>https://cdnmedia.endeavorsuite.com/images/organizations/be356894-77c0-4402-aab6-fedce541df43/inventory/11067846/2110437_11.jpg</imageurl><imageurl>https://cdnmedia.endeavorsuite.com/images/organizations/be356894-77c0-4402-aab6-fedce541df43/inventory/11067846/2110437_12.jpg</imageurl><imageurl>https://cdnmedia.endeavorsuite.com/images/organizations/be356894-77c0-4402-aab6-fedce541df43/inventory/11067846/2110437_13.jpg</imageurl><imageurl>https://cdnmedia.endeavorsuite.com/images/organizations/be356894-77c0-4402-aab6-fedce541df43/inventory/11067846/2110437_14.jpg</imageurl><imageurl>https://cdnmedia.endeavorsuite.com/images/organizations/be356894-77c0-4402-aab6-fedce541df43/inventory/11067846/2110437_17.jpg</imageurl><imageurl>https://cdnmedia.endeavorsuite.com/images/organizations/be356894-77c0-4402-aab6-fedce541df43/inventory/11067846/2110437_18.jpg</imageurl><imageurl>https://cdnmedia.endeavorsuite.com/images/organizations/be356894-77c0-4402-aab6-fedce541df43/inventory/11067846/2110437_19.jpg</imageurl><imageurl>https://cdnmedia.endeavorsuite.com/images/organizations/be356894-77c0-4402-aab6-fedce541df43/inventory/11067846/2110437_20.jpg</imageurl><imageurl>https://cdnmedia.endeavorsuite.com/images/organizations/be356894-77c0-4402-aab6-fedce541df43/inventory/11067846/2110437_21.jpg</imageurl><imageurl>https://cdnmedia.endeavorsuite.com/images/organizations/be356894-77c0-4402-aab6-fedce541df43/inventory/11067846/2110437_3.jpg</imageurl><imageurl>https://cdnmedia.endeavorsuite.com/images/organizations/be356894-77c0-4402-aab6-fedce541df43/inventory/11067846/2110437_8.jpg</imageurl><imageurl>https://cdnmedia.endeavorsuite.com/images/organizations/be356894-77c0-4402-aab6-fedce541df43/inventory/11067846/2110437_9.jpg</imageurl></images><attributes><attribute><name># of Engines</name><value>1</value></attribute><attribute><name>Beam</name><value>8.5</value></attribute><attribute><name>Engine Make</name><value>Yamaha</value></attribute><attribute><name>Engine Model</name><value>F250</value></attribute><attribute><name>Engine Type</name><value>Outboard 4 Stroke</value></attribute><attribute><name>Engine Year</name><value>2022</value></attribute><attribute><name>Fuel Type</name><value>Gas</value></attribute><attribute><name>Horsepower</name><value>250</value></attribute><attribute><name>Hull Type</name><value>Aluminum</value></attribute><attribute><name>Length Overall</name><value>25.083333333333332</value></attribute></attributes></item><item><id>399736BB-F6D0-4897-B14A-4BCBA6FC405F</id><title>2022 Bennington 24LXSB</title><link>https://www.lakesidemarinallc.com/inventory/unit-11147790i</link><description><![CDATA[2022 Bennington 24 LX SWINGBACK<br /><br />24 LX SWING BACK	24LXSBST	<br />PANEL - MIDNIGHT BLACK	<br />ACCENT - SMOOTH METALLIC SILVER	<br />CANVAS - MIDNIGHT BLACK	<br />SILVER SIMTEX	<br />DIMENSIONAL BRUSHED SILVER LOGOS (L/LX)	<br />BLACKOUT LUXE (SX/L/LX)	<br />ZEBRAWOOD SLATE MATTE	<br />WOVEN VINYL SILVER FULL	<br />ROCKFORD PMX 2 UPGRADE (LX)	<br />KICKER SUB AND AMP UPGRADE	<br />ELEVATED HELM (LX)	<br />STAINLESS STEEL CORVINA WHEEL (BLACK) (L/LX/R)	<br />RGB SIDE ILLUMINATION	<br />RGB CONTROLLER LX	<br />ILLUMINATED CUPHOLDERS (8-11 LX)	<br />INTERIOR ACCENT - PERFORATED METALLIC CARBON	<br />PILLOWTOP DIAMOND STITCHED UPHOLSTERY UPGRADE (LX)	<br />CO-CAPTAIN SEAT EXCHANGE (24LXSB)	<br />STAINLESS STEEL SWINGBACK KEEPER RAIL<br />CLADDED LUXURY RECLINER (L/LX)	<br />4-STEP STAINLESS STEEL LADDER UPGRADE	<br />ELLIPTICAL SPORT PACKAGE PLUS (.125) - ESP (24' SX/L/LX OB)	<br />CENTER TUBE FUEL TANK (SD)	<br />BATTERY - DUAL WITH SWITCH (PORT)	<br />BATTERY - POWER DISTRIBUTION PANEL (SB/CW/CLUB)	<br />STEERING - POWER HYDRAULIC ASSIST	<br />IN-FLOOR STORAGE (ESP)	<br />MASTER POWER SWITCH (S/L)	<br />DOCK LIGHTS IN LED STAINLESS HOUSING (L/LX)	<br />STAINLESS STEEL RUB RAIL (22/25 S/L)	<br />BOW POP-UP CLEATS	<br />AFT POP-UP CLEATS	<br />SKI PYLON 54" ALUMINUM (REMOVABLE)]]></description><price>0.0000</price><price_type>USD</price_type><stocknumber>ETWL4075H122</stocknumber><vin>ETWL4075H122</vin><manufacturer>Bennington</manufacturer><year>2022</year><color>Midnight Black / Smooth Metallic Silver</color><model_type>Pontoons</model_type><model_typestyle>Pontoon Boats</model_typestyle><model_name>24LXSB</model_name><trim_name></trim_name><trim_color>Smooth Metallic Silver</trim_color><condition>Excellent</condition><usage>New</usage><location>Lakeside Marina &amp; Watercraft Rentals</location><updated>2022-05-11T12:32:49.220</updated><miles></miles><images><imageurl>https://cdnmedia.endeavorsuite.com/images/organizations/be356894-77c0-4402-aab6-fedce541df43/LX24.jpeg?v=1652292181733</imageurl><imageurl>https://cdnmedia.endeavorsuite.com/images/organizations/be356894-77c0-4402-aab6-fedce541df43/inventory/11147790/2200059_6.jpg?v=1632426564628</imageurl><imageurl>https://cdnmedia.endeavorsuite.com/images/organizations/be356894-77c0-4402-aab6-fedce541df43/inventory/11147790/2200059_5.jpg?v=1632426564628</imageurl><imageurl>https://cdnmedia.endeavorsuite.com/images/organizations/be356894-77c0-4402-aab6-fedce541df43/inventory/11147790/2200059_7.jpg?v=1632426564628</imageurl><imageurl>https://cdnmedia.endeavorsuite.com/images/organizations/be356894-77c0-4402-aab6-fedce541df43/inventory/11147790/2200059_8.jpg?v=1632426564628</imageurl><imageurl>https://cdnmedia.endeavorsuite.com/images/organizations/be356894-77c0-4402-aab6-fedce541df43/inventory/11147790/2200059_2.jpg?v=1632426564628</imageurl><imageurl>https://cdnmedia.endeavorsuite.com/images/organizations/be356894-77c0-4402-aab6-fedce541df43/inventory/11147790/2200059_4.jpg?v=1632426564628</imageurl><imageurl>https://cdnmedia.endeavorsuite.com/images/organizations/be356894-77c0-4402-aab6-fedce541df43/inventory/11147790/2200059_3.jpg?v=1632426564628</imageurl><imageurl>https://cdnmedia.endeavorsuite.com/images/organizations/be356894-77c0-4402-aab6-fedce541df43/inventory/11147790/2200059_24.jpg?v=1632426564628</imageurl><imageurl>https://cdnmedia.endeavorsuite.com/images/organizations/be356894-77c0-4402-aab6-fedce541df43/inventory/11147790/2200059_25.jpg?v=1632426564628</imageurl><imageurl>https://cdnmedia.endeavorsuite.com/images/organizations/be356894-77c0-4402-aab6-fedce541df43/inventory/11147790/2200059_26.jpg?v=1632426564628</imageurl><imageurl>https://cdnmedia.endeavorsuite.com/images/organizations/be356894-77c0-4402-aab6-fedce541df43/inventory/11147790/2200059_27.jpg?v=1632426564628</imageurl><imageurl>https://cdnmedia.endeavorsuite.com/images/organizations/be356894-77c0-4402-aab6-fedce541df43/inventory/11147790/2200059_28.jpg?v=1632426564628</imageurl><imageurl>https://cdnmedia.endeavorsuite.com/images/organizations/be356894-77c0-4402-aab6-fedce541df43/inventory/11147790/2200059_29.jpg?v=1632426564628</imageurl><imageurl>https://cdnmedia.endeavorsuite.com/images/organizations/be356894-77c0-4402-aab6-fedce541df43/inventory/11147790/2200059_30.jpg?v=1632426564628</imageurl><imageurl>https://cdnmedia.endeavorsuite.com/images/organizations/be356894-77c0-4402-aab6-fedce541df43/image1.jpeg?v=1652292181733</imageurl></images><attributes><attribute><name>Fuel Type</name><value>Gas</value></attribute><attribute><name>Beam</name><value>8.5</value></attribute><attribute><name>Length Overall</name><value>25.75</value></attribute></attributes></item><item><id>3F0E1837-B74B-4B2E-A3A1-C48215732DC9</id><title>2022 Bennington LX24</title><link>https://www.lakesidemarinallc.com/inventory/unit-11416248i</link><description><![CDATA[BRAND NEW <b>Max HP:</b> 150-250 HP</br> <b>Overall Length:</b> 25 ft. 2 in.</br> <b>Deck Length:</b> 23 ft. 6 in.</br> <b>Deck Width:</b> 8 ft. 6 in.</br> <b>Weight:</b> 2436-3415 lb.</br> <b>Capacity:</b> 12 Persons</br> <b>Fuel Capacity:</b> 24.5 gal.</br>]]></description><price>0.0000</price><price_type>USD</price_type><stocknumber></stocknumber><vin>ETWM143OB222</vin><manufacturer>Bennington</manufacturer><year>2022</year><color>Midnight Black</color><model_type>Pontoons</model_type><model_typestyle>Pontoon Boats</model_typestyle><model_name>LX24</model_name><trim_name></trim_name><trim_color></trim_color><condition>Excellent</condition><usage>New</usage><location>Lakeside Marina &amp; Watercraft Rentals</location><updated>2022-05-11T14:22:24.547</updated><miles></miles><images><imageurl>https://cdnmedia.endeavorsuite.com/images/catalogs/21615/products/showdisplay/a20c4d5a-4699-42f0-b0e1-ed1a6c23a117.jpg</imageurl><imageurl>https://cdnmedia.endeavorsuite.com/images/catalogs/21615/products/showdisplay/f5d76a62-b3ae-4a98-9238-24c7119853a7.jpg</imageurl><imageurl>https://cdnmedia.endeavorsuite.com/images/catalogs/21615/products/showdisplay/ada6a3d4-442f-48ca-8f21-4144a1bfb719.jpg</imageurl><imageurl>https://cdnmedia.endeavorsuite.com/images/catalogs/21615/products/showdisplay/6f61d613-d319-4aff-b2a9-23f1eca3d8ad.jpg</imageurl><imageurl>https://cdnmedia.endeavorsuite.com/images/catalogs/21615/products/showdisplay/1811c780-1a3f-4bfc-adf1-1256998735f0.jpg</imageurl><imageurl>https://cdnmedia.endeavorsuite.com/images/catalogs/21615/products/showdisplay/3be28b1b-df96-4266-b9a4-9eb38ce271dd.jpg</imageurl><imageurl>https://cdnmedia.endeavorsuite.com/images/catalogs/21615/products/showdisplay/a43ab1ba-599f-4714-967d-3421ad3c9ec2.jpg</imageurl><imageurl>https://cdnmedia.endeavorsuite.com/images/catalogs/21615/products/showdisplay/ea941fe1-bef0-462f-ba4e-ab9f675bff62.jpg</imageurl><imageurl>https://cdnmedia.endeavorsuite.com/images/catalogs/21615/products/showdisplay/1e47cf5e-02ad-4835-a3cf-19e117509d1d.jpg</imageurl><imageurl>https://cdnmedia.endeavorsuite.com/images/catalogs/21615/products/showdisplay/b87e6a68-cd74-4b02-9604-ed7f4b8aa2b5.jpg</imageurl><imageurl>https://cdnmedia.endeavorsuite.com/images/catalogs/21615/products/showdisplay/18d0faf5-b1c5-49f0-a387-5fea6307c200.jpg</imageurl><imageurl>https://cdnmedia.endeavorsuite.com/images/catalogs/21615/products/showdisplay/fd658f41-e3c2-4f1c-b840-0819b1397bf4.jpg</imageurl><imageurl>https://cdnmedia.endeavorsuite.com/images/catalogs/21615/products/showdisplay/93d71fd5-5629-4671-a656-7187a6bdb513.jpg</imageurl><imageurl>https://cdnmedia.endeavorsuite.com/images/catalogs/21615/products/showdisplay/6b592e41-1d1b-4437-a128-0ef3b602cfc1.jpg</imageurl><imageurl>https://cdnmedia.endeavorsuite.com/images/catalogs/21615/products/showdisplay/4a017423-7794-4572-8083-3fbc01d6ec41.jpg</imageurl></images><attributes><attribute><name>Length Overall</name><value>24</value></attribute></attributes></item><item><id>5F227A9E-1919-42B6-AFAB-A5F0833E48AB</id><title>2022 Bennington R23</title><link>https://www.lakesidemarinallc.com/inventory/unit-11416223i</link><description><![CDATA[BRAND NEW <b>Max HP:</b> 150-250 HP</br> <b>Overall Length:</b> 23 ft. 11.5 in.</br> <b>Deck Length:</b> 22 ft. 6 in.</br> <b>Deck Width:</b> 8 ft. 6 in.</br> <b>Weight:</b> 2,384-3,120 lb.</br> <b>Capacity:</b> 11-13 Persons</br> <b>Fuel Capacity:</b> 21.4 gal.</br>]]></description><price>0.0000</price><price_type>USD</price_type><stocknumber></stocknumber><vin>ETWM3544C222</vin><manufacturer>Bennington</manufacturer><year>2022</year><color>Midnight Black</color><model_type>Pontoons</model_type><model_typestyle>Pontoon Boats</model_typestyle><model_name>R23</model_name><trim_name></trim_name><trim_color></trim_color><condition>Excellent</condition><usage>New</usage><location>Lakeside Marina &amp; Watercraft Rentals</location><updated>2022-05-11T14:11:57.023</updated><miles></miles><images><imageurl>https://cdnmedia.endeavorsuite.com/images/catalogs/21615/products/showdisplay/d9df691a-a167-443e-bebb-065d78efd337.jpg</imageurl><imageurl>https://cdnmedia.endeavorsuite.com/images/catalogs/21615/products/showdisplay/a5165e2f-3dab-4a44-95da-59eb19d9a17c.jpg</imageurl><imageurl>https://cdnmedia.endeavorsuite.com/images/catalogs/21615/products/showdisplay/947e2913-d9d7-4dab-b1fb-09f7c203aeee.jpg</imageurl><imageurl>https://cdnmedia.endeavorsuite.com/images/catalogs/21615/products/showdisplay/773a0268-97d6-4c58-9777-acd55ca67a48.jpg</imageurl><imageurl>https://cdnmedia.endeavorsuite.com/images/catalogs/21615/products/showdisplay/dac15db0-7ac3-46f4-b2c6-f2f524e76626.jpg</imageurl><imageurl>https://cdnmedia.endeavorsuite.com/images/catalogs/21615/products/showdisplay/4dd3f087-d664-4817-9bb9-537dd204d588.jpg</imageurl><imageurl>https://cdnmedia.endeavorsuite.com/images/catalogs/21615/products/showdisplay/64c8cabb-19c4-4227-855f-faab506a4afd.jpg</imageurl><imageurl>https://cdnmedia.endeavorsuite.com/images/catalogs/21615/products/showdisplay/d88c9045-51fd-4d9d-8597-8a356ec67975.jpg</imageurl><imageurl>https://cdnmedia.endeavorsuite.com/images/catalogs/21615/products/showdisplay/385ce836-29ef-4728-b8f8-ec29a28a5f07.jpg</imageurl><imageurl>https://cdnmedia.endeavorsuite.com/images/catalogs/21615/products/showdisplay/c53a090e-0b90-403a-9a37-5ed709076ccf.jpg</imageurl><imageurl>https://cdnmedia.endeavorsuite.com/images/catalogs/21615/products/showdisplay/3ddef4b9-e3c3-43f1-ad91-77d05898dd9e.jpg</imageurl><imageurl>https://cdnmedia.endeavorsuite.com/images/catalogs/21615/products/showdisplay/01992767-a9dd-44fc-8100-441da5be5ab1.jpg</imageurl><imageurl>https://cdnmedia.endeavorsuite.com/images/catalogs/21615/products/showdisplay/b1185cc4-62dc-4eba-928e-5e0c152fcc8c.jpg</imageurl><imageurl>https://cdnmedia.endeavorsuite.com/images/catalogs/21615/products/showdisplay/9e7efcb0-63c1-46da-b9b9-bea978a30877.jpg</imageurl><imageurl>https://cdnmedia.endeavorsuite.com/images/catalogs/21615/products/showdisplay/2e6b76b5-c2cb-4340-88d6-ceb040bb6a05.jpg</imageurl></images><attributes><attribute><name>Length Overall</name><value>23</value></attribute></attributes></item><item><id>740CB4FC-6258-4280-A94F-7DB4CAC1BBDF</id><title>2022 Robalo 226 CAYMAN</title><link>https://www.lakesidemarinallc.com/inventory/unit-11416272i</link><description><![CDATA[BRAND NEW <b>Max HP:</b> 250 HP (186 kW)</br> <b>Length Overall:</b> 22 ft. 6 in. (6.86 m)</br> <b>Beam:</b> 8 ft. 6 in. (2.59 m)</br> <b>Draft:</b> 12 in. (30 cm)</br> <b>Dry Weight:</b> w/ Engines: 3400 lb. (1542 kg)</br> <b>Max Person Capacity:</b> 8;1200 lb. (544 kg)</br> <b>Fuel Capacity:</b> 5 gal. (246 L)</br>]]></description><price>0.0000</price><price_type>USD</price_type><stocknumber></stocknumber><vin>ROBG0198D222</vin><manufacturer>Robalo</manufacturer><year>2022</year><color>Sky Blue</color><model_type>Boats</model_type><model_typestyle>Center Console</model_typestyle><model_name>226 CAYMAN</model_name><trim_name></trim_name><trim_color></trim_color><condition>Excellent</condition><usage>New</usage><location>Lakeside Marina &amp; Watercraft Rentals</location><updated>2022-05-11T14:26:40.223</updated><miles></miles><images><imageurl>https://cdnmedia.endeavorsuite.com/images/catalogs/21450/products/showdisplay/a06ed4a7-8bba-471b-b17d-36ce9b063242.jpg</imageurl><imageurl>https://cdnmedia.endeavorsuite.com/images/catalogs/21450/products/showdisplay/820c60f1-ab9e-40ba-91d8-f8c6cbe107b2.jpg</imageurl><imageurl>https://cdnmedia.endeavorsuite.com/images/catalogs/21450/products/showdisplay/1fc9b908-c188-46b5-ab9f-bfa5a1458604.jpg</imageurl><imageurl>https://cdnmedia.endeavorsuite.com/images/catalogs/21450/products/showdisplay/096156fe-7b62-44c5-8c4e-5ac3de287ac2.jpg</imageurl><imageurl>https://cdnmedia.endeavorsuite.com/images/catalogs/21450/products/showdisplay/c3d1a397-36a9-4b29-80b3-539ab6b320a3.jpg</imageurl><imageurl>https://cdnmedia.endeavorsuite.com/images/catalogs/21450/products/showdisplay/0f5c3ae8-fbc1-4425-93f4-cc279d921ef2.jpg</imageurl><imageurl>https://cdnmedia.endeavorsuite.com/images/catalogs/21450/products/showdisplay/8f90942b-a892-4d31-b9e4-caef071d045d.jpg</imageurl><imageurl>https://cdnmedia.endeavorsuite.com/images/catalogs/21450/products/showdisplay/a94e809c-953c-47d3-966b-d1772d171eb4.jpg</imageurl><imageurl>https://cdnmedia.endeavorsuite.com/images/catalogs/21450/products/showdisplay/94e18168-e07d-431a-8a78-02ade142ac8b.jpg</imageurl><imageurl>https://cdnmedia.endeavorsuite.com/images/catalogs/21450/products/showdisplay/54b9197f-d6cd-4be8-800d-a5ac958d8af8.jpg</imageurl><imageurl>https://cdnmedia.endeavorsuite.com/images/catalogs/21450/products/showdisplay/b6bf8103-797e-44f6-90b3-570b52522227.jpg</imageurl><imageurl>https://cdnmedia.endeavorsuite.com/images/catalogs/21450/products/showdisplay/af4640a1-bfb8-464b-a956-db3dab6e5db8.jpg</imageurl><imageurl>https://cdnmedia.endeavorsuite.com/images/catalogs/21450/products/showdisplay/1ae486de-f6d6-4155-8e13-7fb673b7bb13.jpg</imageurl><imageurl>https://cdnmedia.endeavorsuite.com/images/catalogs/21450/products/showdisplay/b4681cef-7733-41bf-8a43-2bc212d5951d.jpg</imageurl><imageurl>https://cdnmedia.endeavorsuite.com/images/catalogs/21450/products/showdisplay/6f8f4815-635f-4abc-bce4-cd54434e872b.jpg</imageurl><imageurl>https://cdnmedia.endeavorsuite.com/images/catalogs/21450/products/showdisplay/457fca6d-3009-43c4-b166-819c02230a47.jpg</imageurl><imageurl>https://cdnmedia.endeavorsuite.com/images/catalogs/21450/products/showdisplay/ca26e7ae-27ed-426b-82e9-42b1b381458d.jpg</imageurl><imageurl>https://cdnmedia.endeavorsuite.com/images/catalogs/21450/products/showdisplay/21d4eb6a-6417-46d6-8deb-4371e95755ae.jpg</imageurl><imageurl>https://cdnmedia.endeavorsuite.com/images/catalogs/21450/products/showdisplay/c1ce5d52-8a5a-418d-9270-dbdc947847f7.jpg</imageurl><imageurl>https://cdnmedia.endeavorsuite.com/images/catalogs/21450/products/showdisplay/327d5471-2942-43d9-ae62-d3971851e46a.jpg</imageurl><imageurl>https://cdnmedia.endeavorsuite.com/images/catalogs/21450/products/showdisplay/820c74bb-bc90-4a88-ac13-088e2c4c7951.jpg</imageurl><imageurl>https://cdnmedia.endeavorsuite.com/images/catalogs/21450/products/showdisplay/2502f2b0-8614-44ef-8e80-dbce11d37674.jpg</imageurl></images><attributes><attribute><name>Length Overall</name><value>23</value></attribute></attributes></item><item><id>8335C10B-272F-4B92-8E70-8750F456F557</id><title>2022 Bennington R23</title><link>https://www.lakesidemarinallc.com/inventory/unit-11416293i</link><description><![CDATA[BRAND NEW]]></description><price>0.0000</price><price_type>USD</price_type><stocknumber></stocknumber><vin>ETWM3543C222</vin><manufacturer>Bennington</manufacturer><year>2022</year><color>Midnight Black</color><model_type>Pontoons</model_type><model_typestyle>Pontoon Boats</model_typestyle><model_name>R23</model_name><trim_name></trim_name><trim_color></trim_color><condition>Excellent</condition><usage>New</usage><location>Lakeside Marina &amp; Watercraft Rentals</location><updated>2022-05-11T14:33:20.280</updated><miles></miles><attributes><attribute><name>Length Overall</name><value>23</value></attribute></attributes></item><item><id>98BE0F00-0C72-49E5-8916-02061D15F79B</id><title>2017 Key West 203DFS</title><link>https://www.lakesidemarinallc.com/inventory/unit-11411947i</link><description><![CDATA[Incredible Trade in, in perfect shape, low hours.... comes with duel axle trailer.  MUST SEE <b>Max HP:</b> 200 hp</br> <b>Length Overall:</b> 20 ft. 3 in.</br> <b>Beam:</b> 8 ft.</br> <b>Draft:</b> 12 in.</br> <b>Dry Weight:</b> 1950 lb.</br> <b>Fuel Capacity:</b> 50 gal.</br>]]></description><price>42900.0000</price><price_type>USD</price_type><stocknumber></stocknumber><vin>HINKWETD153D717</vin><manufacturer>Key West</manufacturer><year>2017</year><color>Sky Blue</color><model_type>Boats</model_type><model_typestyle>Dual Console</model_typestyle><model_name>203DFS</model_name><trim_name></trim_name><trim_color></trim_color><condition>Excellent</condition><usage>Used</usage><location>Lakeside Marina &amp; Watercraft Rentals</location><updated>2022-05-07T10:33:32.073</updated><miles></miles><images><imageurl>https://cdnmedia.endeavorsuite.com/images/organizations/be356894-77c0-4402-aab6-fedce541df43/20220411_105028.jpg?v=1651937526651</imageurl><imageurl>https://cdnmedia.endeavorsuite.com/images/catalogs/15845/products/showdisplay/5bda41af-0b94-4be1-bc63-eb53536d1954.jpg</imageurl><imageurl>https://cdnmedia.endeavorsuite.com/images/catalogs/15845/products/showdisplay/1aa41621-980c-4064-9c26-d069a50f4b56.jpg</imageurl><imageurl>https://cdnmedia.endeavorsuite.com/images/catalogs/15845/products/showdisplay/cde1e3ee-a5e8-4d21-bedd-b5b8936d1cba.jpg</imageurl><imageurl>https://cdnmedia.endeavorsuite.com/images/catalogs/15845/products/showdisplay/6a3482f0-f4fc-4eee-b85d-b6189e934a80.jpg</imageurl><imageurl>https://cdnmedia.endeavorsuite.com/images/catalogs/15845/products/showdisplay/5579f755-e397-49ba-bc9b-b41e964b790e.jpg</imageurl><imageurl>https://cdnmedia.endeavorsuite.com/images/catalogs/15845/products/showdisplay/7868e0ba-9b5c-4e98-bdbe-e40f27782924.jpg</imageurl><imageurl>https://cdnmedia.endeavorsuite.com/images/catalogs/15845/products/showdisplay/694ad313-ed63-416a-a066-a4c972fc8b52.jpg</imageurl><imageurl>https://cdnmedia.endeavorsuite.com/images/catalogs/15845/products/showdisplay/4e4a8211-db6d-4ca0-8702-4faffad66e23.jpg</imageurl><imageurl>https://cdnmedia.endeavorsuite.com/images/catalogs/15845/products/showdisplay/b6f24e38-f90f-4988-9f6a-2747709cb6d6.jpg</imageurl></images><attributes><attribute><name>Length Overall</name><value>20.25</value></attribute></attributes></item><item><id>A66BD59C-8A16-4E21-B63E-B157435ABDE9</id><title>2022 Bennington L23</title><link>https://www.lakesidemarinallc.com/inventory/unit-11416298i</link><description><![CDATA[BRAND NEW <b>Max HP:</b> 150-250 HP</br> <b>Overall Length:</b> 24 ft. 2 in.</br> <b>Deck Length:</b> 22 ft. 6 in.</br> <b>Deck Width:</b> 8 ft. 6 in.</br> <b>Weight:</b> 2384-3120 lb.</br> <b>Capacity:</b> 11-13 Persons</br> <b>Fuel Capacity:</b> 24.2 gal.</br>]]></description><price>0.0000</price><price_type>USD</price_type><stocknumber></stocknumber><vin>ETWM3277C222</vin><manufacturer>Bennington</manufacturer><year>2022</year><color>Midnight Black</color><model_type>Pontoons</model_type><model_typestyle>Pontoon Boats</model_typestyle><model_name>L23</model_name><trim_name></trim_name><trim_color></trim_color><condition>Excellent</condition><usage>New</usage><location>Lakeside Marina &amp; Watercraft Rentals</location><updated>2022-05-11T14:37:51.717</updated><miles></miles><images><imageurl>https://cdnmedia.endeavorsuite.com/images/catalogs/21615/products/showdisplay/2b6e0534-8a23-40bd-a182-dec429282606.jpg</imageurl><imageurl>https://cdnmedia.endeavorsuite.com/images/catalogs/21615/products/showdisplay/c6fbba26-5483-4cf5-9b02-1bb72ae27b38.jpg</imageurl><imageurl>https://cdnmedia.endeavorsuite.com/images/catalogs/21615/products/showdisplay/3d60cae2-531a-43ad-bff2-eb428e145fcb.jpg</imageurl><imageurl>https://cdnmedia.endeavorsuite.com/images/catalogs/21615/products/showdisplay/202690ad-fe8e-487e-984a-545ff853b72e.jpg</imageurl><imageurl>https://cdnmedia.endeavorsuite.com/images/catalogs/21615/products/showdisplay/09a6187c-9481-41ea-bfe7-fe250df0cbb9.jpg</imageurl><imageurl>https://cdnmedia.endeavorsuite.com/images/catalogs/21615/products/showdisplay/8c2c3aa1-8533-4622-82a3-9fcab2e6c1bc.jpg</imageurl><imageurl>https://cdnmedia.endeavorsuite.com/images/catalogs/21615/products/showdisplay/624e3b2b-d753-4174-a07d-46f667b7e1b3.jpg</imageurl><imageurl>https://cdnmedia.endeavorsuite.com/images/catalogs/21615/products/showdisplay/ae9be2e9-6c3c-495b-bc37-4f00052d9555.jpg</imageurl><imageurl>https://cdnmedia.endeavorsuite.com/images/catalogs/21615/products/showdisplay/9800e9ea-cc7b-4a8a-ab4c-3b5d30ba2b0f.jpg</imageurl><imageurl>https://cdnmedia.endeavorsuite.com/images/catalogs/21615/products/showdisplay/979973e0-a686-413b-ab84-0bbefcbdcaa3.jpg</imageurl><imageurl>https://cdnmedia.endeavorsuite.com/images/catalogs/21615/products/showdisplay/a7e49581-07fc-46bc-8c3a-55bdd614f7d2.jpg</imageurl><imageurl>https://cdnmedia.endeavorsuite.com/images/catalogs/21615/products/showdisplay/f75773c5-966a-4077-9461-696924b45b00.jpg</imageurl><imageurl>https://cdnmedia.endeavorsuite.com/images/catalogs/21615/products/showdisplay/8498c7ac-1ba6-4322-b192-3af21f844703.jpg</imageurl><imageurl>https://cdnmedia.endeavorsuite.com/images/catalogs/21615/products/showdisplay/78bbec02-3363-492d-8969-57d26f23c990.jpg</imageurl><imageurl>https://cdnmedia.endeavorsuite.com/images/catalogs/21615/products/showdisplay/4d38a5f3-2bd7-419f-8db5-2c11c025df7b.jpg</imageurl></images><attributes><attribute><name>Length Overall</name><value>23</value></attribute></attributes></item><item><id>AF682FF0-EB39-4F35-B146-359938B33EBD</id><title>2022 Robalo 246 Cayman</title><link>https://www.lakesidemarinallc.com/inventory/unit-11194860i</link><description><![CDATA[2022 ROBALO 246 CAYMAN WITH YAMAHA F300XSB2 <b>Max HP:</b> 350 HP (261 kW)</br> <b>Length Overall:</b> 24 ft. 6 in. (7.47 m)</br> <b>Beam:</b> 9 ft. (2.74 m)</br> <b>Draft:</b> 12 in. (30 cm)</br> <b>Dry Weight:</b> w/ Engines: 3715 lb. (1685 kg)</br> <b>Max Person Capacity:</b> 9; 1350 lb. (612 kg)</br> <b>Fuel Capacity:</b> 90 gal. (341 L)</br>]]></description><price>0.0000</price><price_type>USD</price_type><stocknumber>ROBKO1O1H122</stocknumber><vin>ROBKO1O1H122</vin><manufacturer>Robalo</manufacturer><year>2022</year><color>Solid Shark Grey Hull</color><model_type>Boats</model_type><model_typestyle>Bay Boat</model_typestyle><model_name>246 Cayman</model_name><trim_name></trim_name><trim_color></trim_color><condition>Excellent</condition><usage>New</usage><location>Lakeside Marina &amp; Watercraft Rentals</location><updated>2022-02-04T11:20:11.927</updated><miles></miles><images><imageurl>https://cdnmedia.endeavorsuite.com/images/organizations/be356894-77c0-4402-aab6-fedce541df43/inventory/11194860/ebeee355-70ab-435b-80e4-60c25194309d.jpg</imageurl><imageurl>https://cdnmedia.endeavorsuite.com/images/organizations/be356894-77c0-4402-aab6-fedce541df43/inventory/11194860/c337a582-374b-4c42-8d61-53bccb73a772.jpg</imageurl><imageurl>https://cdnmedia.endeavorsuite.com/images/organizations/be356894-77c0-4402-aab6-fedce541df43/inventory/11194860/91bf3d9e-d83e-4670-9219-d0d2f3f53142.jpg</imageurl><imageurl>https://cdnmedia.endeavorsuite.com/images/organizations/be356894-77c0-4402-aab6-fedce541df43/inventory/11194860/6de67bb1-47bd-44a5-af94-6d08726de14a.jpg</imageurl><imageurl>https://cdnmedia.endeavorsuite.com/images/organizations/be356894-77c0-4402-aab6-fedce541df43/inventory/11194860/379b2027-e540-4939-bf71-7ec0ba5398c1.jpg</imageurl><imageurl>https://cdnmedia.endeavorsuite.com/images/organizations/be356894-77c0-4402-aab6-fedce541df43/inventory/11194860/2c56c34f-1470-4600-a653-557fadf73a44.jpg</imageurl><imageurl>https://cdnmedia.endeavorsuite.com/images/organizations/be356894-77c0-4402-aab6-fedce541df43/inventory/11194860/19b3a374-aec0-404a-8759-ac7bcbc02be1.jpg</imageurl><imageurl>https://cdnmedia.endeavorsuite.com/images/organizations/be356894-77c0-4402-aab6-fedce541df43/inventory/11194860/06d7b74e-ac6c-44fc-a0d7-7cc74a8c278b.jpg</imageurl><imageurl>https://cdnmedia.endeavorsuite.com/images/organizations/be356894-77c0-4402-aab6-fedce541df43/inventory/11194860/1a5a4722-2ff7-4204-9c9a-1e9f6353b23c.jpg</imageurl><imageurl>https://cdnmedia.endeavorsuite.com/images/organizations/be356894-77c0-4402-aab6-fedce541df43/inventory/11194860/d8ead7a6-444c-45b9-8489-3dca3d6f39a1.jpg</imageurl><imageurl>https://cdnmedia.endeavorsuite.com/images/organizations/be356894-77c0-4402-aab6-fedce541df43/inventory/11194860/41fd93d1-58e8-4633-9d7a-a763f4966788.jpg</imageurl><imageurl>https://cdnmedia.endeavorsuite.com/images/organizations/be356894-77c0-4402-aab6-fedce541df43/inventory/11194860/c5630487-d000-488b-a4ad-bb7e49b49bb3.jpg</imageurl><imageurl>https://cdnmedia.endeavorsuite.com/images/organizations/be356894-77c0-4402-aab6-fedce541df43/inventory/11194860/ee9ae56d-bc75-46b7-8693-e2cd71e83a03.jpg</imageurl><imageurl>https://cdnmedia.endeavorsuite.com/images/organizations/be356894-77c0-4402-aab6-fedce541df43/inventory/11194860/f80fb771-48c1-4477-8483-1ac4ec1e252e.jpg</imageurl><imageurl>https://cdnmedia.endeavorsuite.com/images/organizations/be356894-77c0-4402-aab6-fedce541df43/inventory/11194860/320e421c-8c3d-4a13-a6e0-dea17fc37bdd.jpg</imageurl><imageurl>https://cdnmedia.endeavorsuite.com/images/organizations/be356894-77c0-4402-aab6-fedce541df43/inventory/11194860/ea2756d1-74e0-4c83-b125-8daac351daed.jpg</imageurl><imageurl>https://cdnmedia.endeavorsuite.com/images/organizations/be356894-77c0-4402-aab6-fedce541df43/inventory/11194860/8be78d05-18b8-4fc9-9017-5472c08f79ff.jpg</imageurl><imageurl>https://cdnmedia.endeavorsuite.com/images/organizations/be356894-77c0-4402-aab6-fedce541df43/inventory/11194860/d04a0f7c-292d-4c10-8d87-25da2a9a50a9.jpg</imageurl><imageurl>https://cdnmedia.endeavorsuite.com/images/organizations/be356894-77c0-4402-aab6-fedce541df43/inventory/11194860/f96643e2-edca-451c-89bf-b0b17417c405.jpg</imageurl><imageurl>https://cdnmedia.endeavorsuite.com/images/organizations/be356894-77c0-4402-aab6-fedce541df43/inventory/11194860/f1305f74-14ab-45c1-a720-f8b6ff05d1ce.jpg</imageurl></images><attributes><attribute><name>Length Overall</name><value>24.5</value></attribute></attributes></item><item><id>D31CC360-E75C-4182-A405-53C464A63144</id><title>2022 Bennington L23</title><link>https://www.lakesidemarinallc.com/inventory/unit-11416310i</link><description><![CDATA[BRAND NEW <b>Max HP:</b> 150-250 HP</br> <b>Overall Length:</b> 24 ft. 2 in.</br> <b>Deck Length:</b> 22 ft. 6 in.</br> <b>Deck Width:</b> 8 ft. 6 in.</br> <b>Weight:</b> 2384-3120 lb.</br> <b>Capacity:</b> 11-13 Persons</br> <b>Fuel Capacity:</b> 24.2 gal.</br>]]></description><price>0.0000</price><price_type>USD</price_type><stocknumber></stocknumber><vin>ETWM3969D222</vin><manufacturer>Bennington</manufacturer><year>2022</year><color>Midnight Black</color><model_type>Pontoons</model_type><model_typestyle>Pontoon Boats</model_typestyle><model_name>L23</model_name><trim_name></trim_name><trim_color></trim_color><condition>Excellent</condition><usage>New</usage><location>Lakeside Marina &amp; Watercraft Rentals</location><updated>2022-05-11T14:40:47.430</updated><miles></miles><images><imageurl>https://cdnmedia.endeavorsuite.com/images/catalogs/21615/products/showdisplay/2b6e0534-8a23-40bd-a182-dec429282606.jpg</imageurl><imageurl>https://cdnmedia.endeavorsuite.com/images/catalogs/21615/products/showdisplay/c6fbba26-5483-4cf5-9b02-1bb72ae27b38.jpg</imageurl><imageurl>https://cdnmedia.endeavorsuite.com/images/catalogs/21615/products/showdisplay/3d60cae2-531a-43ad-bff2-eb428e145fcb.jpg</imageurl><imageurl>https://cdnmedia.endeavorsuite.com/images/catalogs/21615/products/showdisplay/202690ad-fe8e-487e-984a-545ff853b72e.jpg</imageurl><imageurl>https://cdnmedia.endeavorsuite.com/images/catalogs/21615/products/showdisplay/09a6187c-9481-41ea-bfe7-fe250df0cbb9.jpg</imageurl><imageurl>https://cdnmedia.endeavorsuite.com/images/catalogs/21615/products/showdisplay/8c2c3aa1-8533-4622-82a3-9fcab2e6c1bc.jpg</imageurl><imageurl>https://cdnmedia.endeavorsuite.com/images/catalogs/21615/products/showdisplay/624e3b2b-d753-4174-a07d-46f667b7e1b3.jpg</imageurl><imageurl>https://cdnmedia.endeavorsuite.com/images/catalogs/21615/products/showdisplay/ae9be2e9-6c3c-495b-bc37-4f00052d9555.jpg</imageurl><imageurl>https://cdnmedia.endeavorsuite.com/images/catalogs/21615/products/showdisplay/9800e9ea-cc7b-4a8a-ab4c-3b5d30ba2b0f.jpg</imageurl><imageurl>https://cdnmedia.endeavorsuite.com/images/catalogs/21615/products/showdisplay/979973e0-a686-413b-ab84-0bbefcbdcaa3.jpg</imageurl><imageurl>https://cdnmedia.endeavorsuite.com/images/catalogs/21615/products/showdisplay/a7e49581-07fc-46bc-8c3a-55bdd614f7d2.jpg</imageurl><imageurl>https://cdnmedia.endeavorsuite.com/images/catalogs/21615/products/showdisplay/f75773c5-966a-4077-9461-696924b45b00.jpg</imageurl><imageurl>https://cdnmedia.endeavorsuite.com/images/catalogs/21615/products/showdisplay/8498c7ac-1ba6-4322-b192-3af21f844703.jpg</imageurl><imageurl>https://cdnmedia.endeavorsuite.com/images/catalogs/21615/products/showdisplay/78bbec02-3363-492d-8969-57d26f23c990.jpg</imageurl><imageurl>https://cdnmedia.endeavorsuite.com/images/catalogs/21615/products/showdisplay/4d38a5f3-2bd7-419f-8db5-2c11c025df7b.jpg</imageurl></images><attributes><attribute><name>Length Overall</name><value>23</value></attribute></attributes></item><item><id>EAE07E68-25D0-4C2F-B532-E7C40BC8EA8C</id><title>2022 Bennington 24LXSB</title><link>https://www.lakesidemarinallc.com/inventory/unit-11383222i</link><description><![CDATA[24 LX SWING BACK	24LXSBST	<br />PANEL - SMOKEY GRANITE	<br />ACCENT - SMOOTH METALLIC WHITE	<br />CANVAS - SMOKEY GRANITE	<br />ARCTIC ICE WHITE	<br />DIMENSIONAL BRUSHED SILVER LOGOS (L/LX)	<br />BLACKOUT LUXE PACKAGE (SX/L/LX)	<br />ZEBRAWOOD MATTE SLATE	<br />ELEVATED HELM (LX)	<br />ROSWELL PREMIUM AUDIO PACKAGE W/ 6 SPEAKERS	<br />ROCKFORD PMX 2 UPGRADE (LX)	<br />RGB SIDE ILLUMINATION	<br />RGB CONTROLLER LX	<br />RGB UNDERWATER ILLUMINATION	<br />ILLUMINATED CUPHOLDERS (8-11 LX)	<br />CURVED BIMINI W/ NO LIGHTING	<br />INTERIOR ACCENT - PERFORATED METALLIC CARBON	<br />PILLOWTOP DIAMOND STITCHED UPHOLSTERY UPGRADE (LX)	<br />CO-CAPTAIN SEAT EXCHANGE (24LXSB)	<br />PORTABLE ARMREST WITH STAINLESS STEEL CUP HOLDERS (1) (LX)	<br />STAINLESS STEEL SWINGBACK KEEPER RAIL	<br />V2 PURE COMFORT RECLINER (S/L)	<br />4-STEP STAINLESS STEEL LADDER UPGRADE	<br />ESP+ PERFORMANCE PACKAGE (24 SX/L/LX OB)	<br />BATTERY - POWER DISTRIBUTION PANEL (SB/CW/CLUB)	<br />BATTERY - DUAL WITH SWITCH (PORT)	<br />MASTER POWER SWITCH (S/L)	<br />STEERING - SEA STAR HYDRAULIC	<br />CENTER TUBE FUEL TANK (SD)	<br />DOCK LIGHTS IN LED STAINLESS HOUSING (L/LX)	<br />STAINLESS STEEL RUB RAIL (22/25 S/L)	<br />BOW POP-UP CLEATS	<br />AFT POP-UP CLEATS	<br />SKI PYLON 54" ALUMINUM (STOWABLE)	<br />BAMBOO SILVER]]></description><price>0.0000</price><price_type>USD</price_type><stocknumber>ETWL4744H122</stocknumber><vin>ETWL4744H122</vin><manufacturer>Bennington</manufacturer><year>2022</year><color>Smokey Granite / Smooth Metallic Silver</color><model_type>Pontoons</model_type><model_typestyle>Pontoon Boats</model_typestyle><model_name>24LXSB</model_name><trim_name></trim_name><trim_color>Smooth Metallic Silver</trim_color><condition>Excellent</condition><usage>New</usage><location>Lakeside Marina &amp; Watercraft Rentals</location><updated>2022-04-16T16:53:12.757</updated><miles></miles><images><imageurl>https://cdnmedia.endeavorsuite.com/images/organizations/be356894-77c0-4402-aab6-fedce541df43/inventory/11383222/5fd34b15-2d5b-4aea-8884-476324f1413f.jpg</imageurl></images><attributes><attribute><name>Length Overall</name><value>24</value></attribute></attributes></item></feed>